<?xml version="1.0" encoding="utf-8"?>
<!--/13195215/518148/2.49/11/3/Integrated Circuit/-->
<quadcept_library>
  <setting unit="mil" />
  <textstyle name="Default" height="47.244094488189" strokewidth="7.8740157480315" charwidth="47.244094488189" />
  <textstyle name="Dimension" height="19.6850393700787" strokewidth="0" charwidth="19.6850393700787" />
  <textstyle name="H127W0635TH00762" height="50" strokewidth="3" charwidth="25" />
  <textstyle name="H15W15TH02" height="59.0551181102362" strokewidth="7.8740157480315" charwidth="59.0551181102362" />
  <padstyle name="r85_30" surface="True" plated="False" isvia="False" nopaste="False" nomask="True" complex="False" holesize="0">
    <padshape layer="TOP" shape="rectangle" width="11.811023622047" height="33.464566929133" />
    <padshape layer="TOP_SOLDER_PASTE" shape="rectangle" width="11.811023622047" height="33.464566929133" />
    <padshape layer="TOP_SOLDER_MASK" shape="rectangle" width="19.685039370078" height="41.338582677165" />
  </padstyle>
  <padstyle name="r244_69" surface="True" plated="False" isvia="False" nopaste="False" nomask="True" complex="False" holesize="0">
    <padshape layer="TOP" shape="rectangle" width="27.165354330708" height="96.062992125983" />
    <padshape layer="TOP_SOLDER_MASK" shape="rectangle" width="35.03937007874" height="103.93700787401" />
    <padshape layer="TOP_SOLDER_PASTE" shape="rectangle" width="27.165354330708" height="96.062992125983" />
  </padstyle>
  <footprint name="SON50P200X300X80-11N" originx="0" originy="0" pickpointx="0" pickpointy="0">
    <pcbpin number="1" name="1" style="r85_30" originx="-37.401574803149" originy="39.370078740157" rotation="90" />
    <pcbpin number="2" name="2" style="r85_30" originx="-37.401574803149" originy="19.685039370078" rotation="90" />
    <pcbpin number="3" name="3" style="r85_30" originx="-37.401574803149" originy="0" rotation="90" />
    <pcbpin number="4" name="4" style="r85_30" originx="-37.401574803149" originy="-19.685039370078" rotation="90" />
    <pcbpin number="5" name="5" style="r85_30" originx="-37.401574803149" originy="-39.370078740157" rotation="90" />
    <pcbpin number="6" name="6" style="r85_30" originx="37.401574803149" originy="-39.370078740157" rotation="90" />
    <pcbpin number="7" name="7" style="r85_30" originx="37.401574803149" originy="-19.685039370078" rotation="90" />
    <pcbpin number="8" name="8" style="r85_30" originx="37.401574803149" originy="0" rotation="90" />
    <pcbpin number="9" name="9" style="r85_30" originx="37.401574803149" originy="19.685039370078" rotation="90" />
    <pcbpin number="10" name="10" style="r85_30" originx="37.401574803149" originy="39.370078740157" rotation="90" />
    <pcbpin number="11" name="11" style="r244_69" originx="0" originy="0" rotation="0" />
    <line layer="TOP_PLACE_BOUND" originx="-63.976377952755" originy="70.866141732283" endx="63.976377952755" endy="70.866141732283" width="1.9685039370079" />
    <line layer="TOP_PLACE_BOUND" originx="63.976377952755" originy="70.866141732283" endx="63.976377952755" endy="-70.866141732283" width="1.9685039370079" />
    <line layer="TOP_PLACE_BOUND" originx="63.976377952755" originy="-70.866141732283" endx="-63.976377952755" endy="-70.866141732283" width="1.9685039370079" />
    <line layer="TOP_PLACE_BOUND" originx="-63.976377952755" originy="-70.866141732283" endx="-63.976377952755" endy="70.866141732283" width="1.9685039370079" />
    <line layer="TOP_ASSEMBLY" originx="-39.370078740157" originy="59.055118110235" endx="39.370078740157" endy="59.055118110235" width="3.9370078740157" />
    <line layer="TOP_ASSEMBLY" originx="39.370078740157" originy="59.055118110235" endx="39.370078740157" endy="-59.055118110235" width="3.9370078740157" />
    <line layer="TOP_ASSEMBLY" originx="39.370078740157" originy="-59.055118110235" endx="-39.370078740157" endy="-59.055118110235" width="3.9370078740157" />
    <line layer="TOP_ASSEMBLY" originx="-39.370078740157" originy="-59.055118110235" endx="-39.370078740157" endy="59.055118110235" width="3.9370078740157" />
    <line layer="TOP_ASSEMBLY" originx="-39.370078740157" originy="39.370078740157" endx="-19.685039370078" endy="59.055118110235" width="3.9370078740157" />
    <arc layer="TOP_SILKSCREEN" originx="-54.133858267716" originy="64.960629921259" startangle="180" sweepangle="180" radius="4.9212598425196" width="9.8425196850392" />
    <arc layer="TOP_SILKSCREEN" originx="-54.133858267716" originy="64.960629921259" startangle="180" sweepangle="-180" radius="4.9212598425196" width="9.8425196850392" />
  </footprint>
  <symbol name="LT8618EDDB-3.3#TRPBF" originx="0" originy="0">
    <line originx="200" originy="100" endx="1200" endy="100" width="0" />
    <line originx="1200" originy="-700" endx="1200" endy="100" width="0" />
    <line originx="1200" originy="-700" endx="200" endy="-700" width="0" />
    <line originx="200" originy="100" endx="200" endy="-700" width="0" />
    <sympin number="1" originx="200" originy="0" rotation="180" length="100" width="7.8740157480315" flipped="False">
      <text name="pinname" originx="230" originy="0" style="Default" rotation="0" justify="left" flipped="False" hidden="False" data="BST" />
      <text name="pindes" originx="140" originy="20" style="Default" rotation="0" justify="lowerright" flipped="False" hidden="False" data="1" />
    </sympin>
    <sympin number="2" originx="200" originy="-100" rotation="180" length="100" width="7.8740157480315" flipped="False">
      <text name="pinname" originx="230" originy="-100" style="Default" rotation="0" justify="left" flipped="False" hidden="False" data="SW" />
      <text name="pindes" originx="140" originy="-80" style="Default" rotation="0" justify="lowerright" flipped="False" hidden="False" data="2" />
    </sympin>
    <sympin number="3" originx="200" originy="-200" rotation="180" length="100" width="7.8740157480315" flipped="False">
      <text name="pinname" originx="230" originy="-200" style="Default" rotation="0" justify="left" flipped="False" hidden="False" data="BIAS" />
      <text name="pindes" originx="140" originy="-180" style="Default" rotation="0" justify="lowerright" flipped="False" hidden="False" data="3" />
    </sympin>
    <sympin number="4" originx="200" originy="-300" rotation="180" length="100" width="7.8740157480315" flipped="False">
      <text name="pinname" originx="230" originy="-300" style="Default" rotation="0" justify="left" flipped="False" hidden="False" data="INTVCC" />
      <text name="pindes" originx="140" originy="-280" style="Default" rotation="0" justify="lowerright" flipped="False" hidden="False" data="4" />
    </sympin>
    <sympin number="5" originx="200" originy="-400" rotation="180" length="100" width="7.8740157480315" flipped="False">
      <text name="pinname" originx="230" originy="-400" style="Default" rotation="0" justify="left" flipped="False" hidden="False" data="RT" />
      <text name="pindes" originx="140" originy="-380" style="Default" rotation="0" justify="lowerright" flipped="False" hidden="False" data="5" />
    </sympin>
    <sympin number="11" originx="700" originy="-700" rotation="270" length="100" width="7.8740157480315" flipped="False">
      <text name="pinname" originx="700" originy="-670" style="Default" rotation="0" justify="left" flipped="False" hidden="False" data="EP" />
      <text name="pindes" originx="680" originy="-760" style="Default" rotation="0" justify="lowerright" flipped="False" hidden="False" data="11" />
    </sympin>
    <sympin number="10" originx="1200" originy="0" rotation="0" length="100" width="7.8740157480315" flipped="False">
      <text name="pinname" originx="1170" originy="0" style="Default" rotation="0" justify="right" flipped="False" hidden="False" data="VIN" />
      <text name="pindes" originx="1260" originy="20" style="Default" rotation="0" justify="lowerleft" flipped="False" hidden="False" data="10" />
    </sympin>
    <sympin number="9" originx="1200" originy="-100" rotation="0" length="100" width="7.8740157480315" flipped="False">
      <text name="pinname" originx="1170" originy="-100" style="Default" rotation="0" justify="right" flipped="False" hidden="False" data="EN/UV" />
      <text name="pindes" originx="1260" originy="-80" style="Default" rotation="0" justify="lowerleft" flipped="False" hidden="False" data="9" />
    </sympin>
    <sympin number="8" originx="1200" originy="-200" rotation="0" length="100" width="7.8740157480315" flipped="False">
      <text name="pinname" originx="1170" originy="-200" style="Default" rotation="0" justify="right" flipped="False" hidden="False" data="PG" />
      <text name="pindes" originx="1260" originy="-180" style="Default" rotation="0" justify="lowerleft" flipped="False" hidden="False" data="8" />
    </sympin>
    <sympin number="7" originx="1200" originy="-300" rotation="0" length="100" width="7.8740157480315" flipped="False">
      <text name="pinname" originx="1170" originy="-300" style="Default" rotation="0" justify="right" flipped="False" hidden="False" data="TR/SS" />
      <text name="pindes" originx="1260" originy="-280" style="Default" rotation="0" justify="lowerleft" flipped="False" hidden="False" data="7" />
    </sympin>
    <sympin number="6" originx="1200" originy="-400" rotation="0" length="100" width="7.8740157480315" flipped="False">
      <text name="pinname" originx="1170" originy="-400" style="Default" rotation="0" justify="right" flipped="False" hidden="False" data="FB/OUT" />
      <text name="pindes" originx="1260" originy="-380" style="Default" rotation="0" justify="lowerleft" flipped="False" hidden="False" data="6" />
    </sympin>
  </symbol>
  <component name="LT8618EDDB-3.3#TRPBF" designatorprefix="IC" height="31.496062992126" footprint="SON50P200X300X80-11N">
    <comppin designator="1" sympin="1" pinswap="0" gateswap="0" gate="1" group="1" side="" type="Any" name="BST" />
    <comppin designator="2" sympin="2" pinswap="0" gateswap="0" gate="1" group="1" side="" type="Any" name="SW" />
    <comppin designator="3" sympin="3" pinswap="0" gateswap="0" gate="1" group="1" side="" type="Any" name="BIAS" />
    <comppin designator="4" sympin="4" pinswap="0" gateswap="0" gate="1" group="1" side="" type="Any" name="INTVCC" />
    <comppin designator="5" sympin="5" pinswap="0" gateswap="0" gate="1" group="1" side="" type="Any" name="RT" />
    <comppin designator="6" sympin="6" pinswap="0" gateswap="0" gate="1" group="1" side="" type="Any" name="FB/OUT" />
    <comppin designator="7" sympin="7" pinswap="0" gateswap="0" gate="1" group="1" side="" type="Any" name="TR/SS" />
    <comppin designator="8" sympin="8" pinswap="0" gateswap="0" gate="1" group="1" side="" type="Any" name="PG" />
    <comppin designator="9" sympin="9" pinswap="0" gateswap="0" gate="1" group="1" side="" type="Any" name="EN/UV" />
    <comppin designator="10" sympin="10" pinswap="0" gateswap="0" gate="1" group="1" side="" type="Any" name="VIN" />
    <comppin designator="11" sympin="11" pinswap="0" gateswap="0" gate="1" group="1" side="" type="Any" name="EP" />
    <attached_symbol gate="1" name="LT8618EDDB-3.3#TRPBF" />
    <pinmap designator="1" footprintpin="1" />
    <pinmap designator="2" footprintpin="2" />
    <pinmap designator="3" footprintpin="3" />
    <pinmap designator="4" footprintpin="4" />
    <pinmap designator="5" footprintpin="5" />
    <pinmap designator="6" footprintpin="6" />
    <pinmap designator="7" footprintpin="7" />
    <pinmap designator="8" footprintpin="8" />
    <pinmap designator="9" footprintpin="9" />
    <pinmap designator="10" footprintpin="10" />
    <pinmap designator="11" footprintpin="11" />
    <text name="Datasheet" originx="0" originy="0" style="Default" rotation="0" justify="" flipped="False" hidden="True" data="https://www.analog.com/media/en/technical-documentation/data-sheets/lt8618-8618-3-3.pdf" />
    <text name="Description" originx="0" originy="0" style="Default" rotation="0" justify="" flipped="False" hidden="True" data="Switching Voltage Regulators High Efficiency 60V/100mA Synchronous Bu" />
    <text name="Manufacturer_Name" originx="0" originy="0" style="Default" rotation="0" justify="" flipped="False" hidden="True" data="Analog Devices" />
    <text name="Manufacturer_Part_Number" originx="1250" originy="200" style="Default" rotation="0" justify="left" flipped="False" hidden="False" data="LT8618EDDB-3.3#TRPBF" />
    <text name="Mouser Part Number" originx="0" originy="0" style="Default" rotation="0" justify="" flipped="False" hidden="True" data="584-LT8618EDDB33TRP" />
    <text name="Mouser Price/Stock" originx="0" originy="0" style="Default" rotation="0" justify="" flipped="False" hidden="True" data="https://www.mouser.co.uk/ProductDetail/Analog-Devices/LT8618EDDB-33TRPBF/?qs=hWgE7mdIu5SLdap4vPVhEw%3D%3D" />
    <text name="Arrow Part Number" originx="0" originy="0" style="Default" rotation="0" justify="" flipped="False" hidden="True" data="" />
    <text name="Arrow Price/Stock" originx="0" originy="0" style="Default" rotation="0" justify="" flipped="False" hidden="True" data="" />
  </component>
</quadcept_library>
